2,1457,2021-10-08 01:31:24.961
Mg,Al,Si,P,S,Cl,Ca,Ti,V,Cr,Mn,Fe,Co,Ni,Cu,Zn,As,Se,Rb,Sr,Y,Zr,Nb,Mo,Ag,Cd,Sn,Sb,Ba,La,Ce,Pr,Nd,W,Hg,Pb,Bi,Th,U,LE
0.0,96.08426666259766,0.0,0.0,0.19334404170513153,0.0,0.0,2.9847559928894043,0.0,0.009517808444797993,0.05022676661610603,0.2716270983219147,0.0,0.007354392670094967,0.19992025196552277,0.0378526896238327,0.0,0.0,0.0,0.0005344225210137665,0.0,0.0024911551736295223,0.0,0.0,0.0,0.0,0.005254143383353949,0.0,0.0,0.01742355152964592,0.027707692235708237,0.03630740940570831,0.06595493108034134,0.0,0.0,0.005463572684675455,0.0,0.0,0.0,0.0
0.39360255002975464,0.046860165894031525,0.019507724791765213,0.005871734581887722,0.009765222668647766,0.02408328652381897,0.02329789660871029,0.040636803954839706,0.01590546779334545,0.004135416354984045,0.0032300043385475874,0.004648327827453613,0.0020942518021911383,0.0006875715334899724,0.0023060047533363104,0.0009187955874949694,0.00042824255069717765,0.0002145513572031632,0.0001802643237169832,0.00011251805699430406,0.0002949021873064339,0.00018797167285811156,0.00036371819442138076,0.00043436838313937187,0.0,0.0017613477539271116,0.0011194540420547128,0.0030510572250932455,0.0949752926826477,0.0051778932102024555,0.006234935950487852,0.01152623351663351,0.016486283391714096,0.0015295891789719462,0.000914950214792043,0.00029927073046565056,0.001684060087427497,0.0007981218514032662,0.0004883874207735062,0.0
3,1458,2021-10-08 01:33:34.959
Ti,V,Cr,Mn,Fe,Co,Ni,Cu,Zn,As,Se,Rb,Sr,Y,Zr,Nb,Mo,Ag,Cd,Sn,Sb,Ba,W,Hg,Pb,Bi,Th,U,LE
0.0,0.0,0.0,0.0,0.0,0.0,0.0,0.0,0.0,0.0,0.0,0.0,2.702766180038452,0.0,4.123697280883789,0.0,5.516923904418945,0.0,37.9387321472168,49.71788024902344,0.0,0.0,0.0,0.0,0.0,0.0,0.0,0.0,0.0
2.4165396690368652,1.0753965377807617,0.5487930178642273,0.3559076488018036,0.27208083868026733,0.19047783315181732,0.1330510675907135,0.13055762648582458,0.09552805870771408,0.04553794488310814,0.032248128205537796,0.019232673570513725,0.8441571593284607,0.02497177943587303,1.365138292312622,0.034518152475357056,1.9708458185195923,0.0,9.417631149291992,9.945738792419434,0.18748825788497925,10.11231517791748,0.21765603125095367,0.17356674373149872,0.05539597198367119,0.18653087317943573,0.08976442366838455,0.07676565647125244,40.332881927490234
4,1459,2021-10-08 01:34:42.961
Ti,V,Cr,Mn,Fe,Co,Ni,Cu,Zn,As,Se,Rb,Sr,Y,Zr,Nb,Mo,Ag,Cd,Sn,Sb,Ba,W,Hg,Pb,Bi,Th,U,LE
0.0,0.0,0.0,0.0,28.11761474609375,0.0,0.0,0.0,0.0,0.0,0.0,0.0,0.0,5.104150772094727,6.171889781951904,4.522510051727295,7.873546123504639,0.0,0.0,48.210289001464844,0.0,0.0,0.0,0.0,0.0,0.0,0.0,0.0,0.0
2.1650147438049316,0.48688122630119324,0.6049583554267883,0.23263069987297058,7.891255855560303,0.1533576399087906,0.1124095767736435,0.12152587622404099,0.08713442832231522,0.04003983363509178,0.0287548266351223,0.024317339062690735,0.01862219162285328,1.4628762006759644,1.6654709577560425,1.585140347480774,2.4785354137420654,0.0,0.13583159446716309,9.43403434753418,0.1752299964427948,5.7766523361206055,0.22100183367729187,0.1475410908460617,0.049441851675510406,0.17839094996452332,0.08920696377754211,0.07437222450971603,40.45600891113281
1,1984,2022-05-02 08:06:13.061
Ti,V,Cr,Mn,Fe,Co,Ni,Cu,Zn,As,Se,Rb,Sr,Y,Zr,Nb,Mo,Ag,Cd,Sn,Sb,Ba,W,Hg,Pb,Bi,Th,U,LE
0.0,0.0,0.047838374972343445,0.13074257969856262,0.23292240500450134,0.0,0.010689567774534225,0.17757095396518707,0.04182262718677521,0.0,0.0,0.0,0.0,0.0,0.002673280658200383,0.0,0.0011437489883974195,0.007292615249752998,0.0,0.0063158064149320126,0.0,0.0,0.0,0.0,0.005634792149066925,0.0,0.0,0.0,99.3353500366211
0.028018977493047714,0.009959975257515907,0.004223785828799009,0.004693898372352123,0.004889817908406258,0.002364706713706255,0.0008221837342716753,0.002528534037992358,0.0010573141044005752,0.0005170662770979106,0.00023964926367625594,0.00020504133135546,0.00022421668109018356,0.0003354337241034955,0.00021336601639632136,0.00042794045293703675,0.00027973565738648176,0.0011932437773793936,0.0021731455344706774,0.0016638297820463777,0.0038230237551033497,0.12319141626358032,0.0017991848289966583,0.001054842141456902,0.0003321487456560135,0.001849667401984334,0.0009149836841970682,0.0005418341024778783,0.009264654479920864
2,1985,2022-05-02 09:29:51.467
Ti,V,Cr,Mn,Fe,Co,Ni,Cu,Zn,As,Se,Rb,Sr,Y,Zr,Nb,Mo,Ag,Cd,Sn,Sb,Ba,W,Hg,Pb,Bi,Th,U,LE
0.0,0.0,0.045522794127464294,0.12315148860216141,0.23371589183807373,0.0,0.007235382217913866,0.17854759097099304,0.03897881135344505,0.0,0.0,0.0006438214331865311,0.0,0.0,0.0034368704073131084,0.0,0.0,0.013826304115355015,0.0,0.009552884846925735,0.0,0.0,0.0,0.0,0.0025175728369504213,0.0,0.0,0.0,99.3428726196289
0.046248648315668106,0.015810193493962288,0.00729589257389307,0.00819426029920578,0.008646341040730476,0.0039266557432711124,0.0012941653840243816,0.0044480618089437485,0.0017899187514558434,0.0007358156726695597,0.00037786728353239596,0.00018352821643929929,0.00036494078813120723,0.0005603895406238735,0.0003655193722806871,0.000721626216545701,0.0008754218579269946,0.0020698457956314087,0.003711006371304393,0.0028909838292747736,0.0066151125356554985,0.1903320848941803,0.003065041033551097,0.001936475862748921,0.00047127431025728583,0.0031593143939971924,0.0015711326850578189,0.000900479790288955,0.01616380736231804
58,1542,2021-10-15 13:44:57.472
Mg,Al,Si,P,S,Cl,Ca,Ti,V,Cr,Mn,Fe,Co,Ni,Cu,Zn,As,Se,Rb,Sr,Y,Zr,Nb,Mo,Ag,Cd,Sn,Sb,Ba,La,Ce,Pr,Nd,W,Hg,Pb,Bi,Th,U,LE
0.0,0.0,0.516236424446106,0.0,1.5986744165420532,39.842472076416016,4.228135585784912,0.0,0.0,0.0,0.01182983536273241,0.05688834562897682,0.0,0.0,0.0,0.0014417016645893455,0.0,0.0,0.0016287019243463874,0.1325516402721405,0.0,0.001599878421984613,0.0,0.0013703888980671763,0.0,0.0,0.0,0.0,0.010973400436341763,0.0,0.0,0.0,0.0,0.0,0.0,0.0,0.0,0.0,0.0,53.59619903564453
0.40455135703086853,0.0725819543004036,0.01771490089595318,0.008397878147661686,0.01045082975178957,0.09398165345191956,0.019731277599930763,0.010203246958553791,0.00948789156973362,0.004423549398779869,0.002796341199427843,0.0027941681910306215,0.0017239745939150453,0.0009205341921187937,0.0009825287852436304,0.0004206885932944715,0.00031568901613354683,0.00024104455951601267,0.00014921248657628894,0.000818768807221204,0.000350861344486475,0.00030730836442671716,0.00041453359881415963,0.0002669890527613461,0.0,0.002061969367787242,0.002627870999276638,0.0036084314342588186,0.0029427739791572094,0.2077292501926422,0.2481023520231247,0.4622844159603119,0.6311708092689514,0.0014961296692490578,0.0010242536664009094,0.00042695319280028343,0.0022069988772273064,0.0011052697664126754,0.0007934538880363107,0.09456557780504227
59,1543,2021-10-15 13:47:27.477
Mg,Al,Si,P,S,Cl,Ca,Ti,V,Cr,Mn,Fe,Co,Ni,Cu,Zn,As,Se,Rb,Sr,Y,Zr,Nb,Mo,Ag,Cd,Sn,Sb,Ba,La,Ce,Pr,Nd,W,Hg,Pb,Bi,Th,U,LE
0.0,0.0,0.71966552734375,0.0,0.8535862565040588,40.34036636352539,2.6935770511627197,0.0,0.0,0.0,0.0,0.0898839682340622,0.0,0.0,0.0,0.0028481469489634037,0.0,0.0,0.0018578886520117521,0.12153831869363785,0.0,0.0029491507448256016,0.0,0.0012496107956394553,0.0,0.0,0.0,0.0,0.034610532224178314,0.018451357260346413,0.0,0.0,0.0,0.0,0.0,0.0,0.0,0.0,0.0,55.119415283203125
0.4751293659210205,0.08386468142271042,0.020710429176688194,0.009450388140976429,0.008693808689713478,0.1035735160112381,0.016630273312330246,0.012348870746791363,0.010435172356665134,0.0049500782042741776,0.02082367055118084,0.0035285416524857283,0.0020808205008506775,0.001085583120584488,0.001110380282625556,0.0005033675115555525,0.00036047064349986613,0.0002922418643720448,0.00016918336041271687,0.0008385348482988775,0.0003869625797960907,0.0003333976201247424,0.0004574607592076063,0.00029262693715281785,0.0,0.002254687249660492,0.0029055641498416662,0.004004610236734152,0.003003111807629466,0.004950761329382658,0.2309039980173111,0.4326729476451874,0.5864121913909912,0.0017492597689852118,0.001201688777655363,0.000463321601273492,0.0024067882914096117,0.0012001552386209369,0.0008534308872185647,0.10367857664823532
2,2452,2022-06-07 10:04:44.275,Lon: -101.992708 Lat: 31.845601
Mg,Al,Si,P,S,Cl,Ca,Ti,V,Cr,Mn,Fe,Co,Ni,Cu,Zn,As,Se,Rb,Sr,Y,Zr,Nb,Mo,Ag,Cd,Sn,Sb,Ba,La,Ce,Pr,Nd,W,Hg,Pb,Bi,Th,U,LE
0.0,2.3517966270446777,10.530171394348145,0.05086073279380798,1.7672011852264404,7.827661037445068,6.603203773498535,0.2628879249095917,0.0,0.009499354287981987,0.03051569126546383,1.9894896745681763,0.0,0.0056869215331971645,0.002670843154191971,0.012234821915626526,0.0008006208809092641,0.0012089033843949437,0.006755197420716286,0.04971793293952942,0.002259962959215045,0.013003647327423096,0.0,0.0008309381664730608,0.0,0.0,0.0,0.0,0.07388132810592651,0.0,0.030733661726117134,0.040218520909547806,0.10111629217863083,0.0,0.0,0.0,0.0,0.0,0.0,68.235595703125
0.4875452220439911,0.05585402622818947,0.05077558010816574,0.004670963156968355,0.011038396507501602,0.03061031736433506,0.02376331016421318,0.019384682178497314,0.009579327888786793,0.002657824894413352,0.002613348187878728,0.01208829041570425,0.004380448721349239,0.0005788506823591888,0.0005221538012847304,0.0005214585107751191,0.00016089610289782286,0.00013569628936238587,0.00016863287601154298,0.00038874344318173826,0.00017140920681413263,0.0002559410349931568,0.00033045231248252094,0.00022671688930131495,0.0,0.0015391879715025425,0.0019484689692035317,0.0026624519377946854,0.0035139594692736864,0.15329799056053162,0.0063327099196612835,0.0117589570581913,0.016991663724184036,0.001160125364549458,0.0007296575349755585,0.00032950897002592683,0.0015301114181056619,0.000754082459025085,0.0005102034192532301,0.07385095208883286
3,2453,2022-06-07 10:13:33.457,Lon: -101.992700391 Lat: 31.845600108
Mg,Al,Si,P,S,Cl,Ca,Ti,V,Cr,Mn,Fe,Co,Ni,Cu,Zn,As,Se,Rb,Sr,Y,Zr,Nb,Mo,Ag,Cd,Sn,Sb,Ba,La,Ce,Pr,Nd,W,Hg,Pb,Bi,Th,U,LE
0.0,1.1739778518676758,5.72076940536499,0.0,0.5838117003440857,13.76088809967041,2.8384900093078613,0.13247539103031158,0.0,0.021830417215824127,0.013545817695558071,0.9414430856704712,0.0,0.002256013685837388,0.0,0.06453360617160797,0.0,0.0005830583395436406,0.003852271940559149,0.03676415607333183,0.0016546008409932256,0.0121618015691638,0.0,0.0013790978118777275,0.0,0.0,0.0,0.0,0.12551197409629822,0.0,0.0,0.0,0.0,0.0,0.0,0.0,0.004186565987765789,0.0,0.0,74.55988311767578
1.0278488397598267,0.07664306461811066,0.051827363669872284,0.01979149878025055,0.00978358369320631,0.06431692838668823,0.017669465392827988,0.02689412795007229,0.012873318046331406,0.004034071229398251,0.0034460006281733513,0.010456602089107037,0.004212771076709032,0.0006881559966132045,0.0010767867788672447,0.0013396349968388677,0.00034463321208022535,0.00016688255709595978,0.00018691239529289305,0.00043199179344810545,0.00020744945504702628,0.00031488409149460495,0.0004396852746140212,0.0002972156507894397,0.0,0.00209798407740891,0.00269094156101346,0.0037035630084574223,0.0033642505295574665,0.18047377467155457,0.21168212592601776,0.38768789172172546,0.5297968983650208,0.0020634804386645555,0.0011686738580465317,0.00044092355528846383,0.0011378927156329155,0.0009988873498514295,0.0006788788014091551,0.09813401848077774
4,2454,2022-06-07 10:19:35.460,Lon: -101.992700391 Lat: 31.845600108
Mg,Al,Si,P,S,Cl,Ca,Ti,V,Cr,Mn,Fe,Co,Ni,Cu,Zn,As,Se,Rb,Sr,Y,Zr,Nb,Mo,Ag,Cd,Sn,Sb,Ba,La,Ce,Pr,Nd,W,Hg,Pb,Bi,Th,U,LE
0.0,0.6622911095619202,3.1030521392822266,0.0,1.2704682350158691,18.84075927734375,4.13208532333374,0.0,0.0,0.027246961370110512,0.02112553082406521,0.5873847603797913,0.0,0.0,0.005541932303458452,0.2924222946166992,0.0,0.0,0.0024547416251152754,0.05645722523331642,0.0,0.004084380343556404,0.0,0.0018805735744535923,0.0,0.0,0.0,0.0,0.45453542470932007,0.0,0.0,0.0,0.0,0.0,0.0,0.0014696703292429447,0.0,0.0,0.0,70.5367431640625
2.0618796348571777,0.11342360079288483,0.05541819706559181,0.026408955454826355,0.018408717587590218,0.12127216160297394,0.03477664291858673,0.052970390766859055,0.030860228464007378,0.008029701188206673,0.006112698931246996,0.011958910152316093,0.0043411822989583015,0.0017823800444602966,0.0012988493544980884,0.004442526958882809,0.0005962267168797553,0.00045772697194479406,0.00027596420841291547,0.0008291435078717768,0.000527518626768142,0.00045950771891511977,0.0006272675236687064,0.0004948360146954656,0.0,0.0028720488771796227,0.0037053897976875305,0.005020076874643564,0.007381496485322714,0.18674756586551666,0.21735820174217224,0.41637155413627625,0.5918163657188416,0.004338433034718037,0.0020262605976313353,0.00048628298100084066,0.002979181008413434,0.0014681643806397915,0.0010381159372627735,0.15223328769207
5,2455,2022-06-07 10:22:39.958,Lon: -101.992700391 Lat: 31.845600108
Ti,V,Cr,Mn,Fe,Co,Ni,Cu,Zn,As,Se,Rb,Sr,Y,Zr,Nb,Mo,Ag,Cd,Sn,Sb,Ba,W,Hg,Pb,Bi,Th,U,LE
0.0,0.0,0.0,0.0,0.5434391498565674,0.0,0.0,0.0,0.2205861657857895,0.0,0.0,0.0039820889942348,0.0535910502076149,0.004439822398126125,0.006967341527342796,0.005479604005813599,0.01190019492059946,0.03957069665193558,0.0,0.0,0.0,1.4901269674301147,0.0,0.0,0.0,0.0,0.0,0.0,97.61991882324219
0.3020898401737213,0.12435318529605865,0.046333275735378265,0.02941720373928547,0.052604638040065765,0.020828062668442726,0.009435503743588924,0.0068241325207054615,0.01790601946413517,0.0022529202979058027,0.0018631729763001204,0.0009926767088472843,0.0038917725905776024,0.0014053190825507045,0.0019363537430763245,0.0016249360051006079,0.0021817716769874096,0.008802477270364761,0.01292387768626213,0.01645374484360218,0.022796817123889923,0.4016701579093933,0.01637433096766472,0.009056814946234226,0.003198247402906418,0.013369126245379448,0.007026750594377518,0.004088688176125288,0.40917614102363586
6,2456,2022-06-07 10:27:25.959,Lon: -101.992700391 Lat: 31.845600108
Ti,V,Cr,Mn,Fe,Co,Ni,Cu,Zn,As,Se,Rb,Sr,Y,Zr,Nb,Mo,Ag,Cd,Sn,Sb,Ba,W,Hg,Pb,Bi,Th,U,LE
0.0,0.0,0.0,0.037876106798648834,0.7428134679794312,0.0,0.0,0.007553845643997192,0.045204754918813705,0.0,0.001963556045666337,0.004174855072051287,0.0590851865708828,0.0,0.028629420325160027,0.0025437374133616686,0.0036042886786162853,0.0,0.0,0.016692979261279106,0.0,1.8155919313430786,0.0,0.0,0.0,0.0,0.0,0.0,97.23426818847656
0.16629421710968018,0.059719230979681015,0.021466059610247612,0.011437289416790009,0.027826186269521713,0.010563322342932224,0.0035508903674781322,0.0023464697878807783,0.003312929067760706,0.0012714676558971405,0.0005177961429581046,0.0005776562029495835,0.0018289334839209914,0.0010708769550547004,0.001308221137151122,0.0007892818539403379,0.0010228748433291912,0.0,0.005840035155415535,0.004859733860939741,0.009840036742389202,0.20112602412700653,0.006119911093264818,0.003973211627453566,0.0015422666911035776,0.006069602444767952,0.0029828790575265884,0.002093674149364233,0.20485492050647736
7,2457,2022-06-07 10:31:57.959,Lon: -101.992923667 Lat: 31.8455285
Mg,Al,Si,P,S,Cl,Ca,Ti,V,Cr,Mn,Fe,Co,Ni,Cu,Zn,As,Se,Rb,Sr,Y,Zr,Nb,Mo,Ag,Cd,Sn,Sb,Ba,La,Ce,Pr,Nd,W,Hg,Pb,Bi,Th,U,LE
1.1309078931808472,1.759901523590088,9.496442794799805,0.01773028075695038,1.0892574787139893,14.788382530212402,4.094651699066162,0.1378166675567627,0.0,0.023087892681360245,0.02080087549984455,0.9167262315750122,0.0,0.002419888973236084,0.0029320332687348127,0.04787633940577507,0.0005687973462045193,0.00027998097357340157,0.004037485923618078,0.06043695658445358,0.0015304810367524624,0.033013347536325455,0.0,0.0007067408878356218,0.0,0.0033549380023032427,0.0,0.0,1.960792899131775,0.0,0.0,0.08209646493196487,0.22877655923366547,0.0,0.0,0.0012146756052970886,0.0,0.0,0.0,64.09425354003906
0.21478407084941864,0.03808413818478584,0.04824322834610939,0.0027165573555976152,0.007387762889266014,0.060926489531993866,0.01867535337805748,0.023441685363650322,0.011332263238728046,0.0027351598255336285,0.0021702584344893694,0.006891028024256229,0.0022552635055035353,0.0003683954128064215,0.00039035448571667075,0.0007129569421522319,0.0001263263839064166,8.988651825347915e-05,0.00011280881153652444,0.0003985547518823296,0.00012596967280842364,0.00028655555797740817,0.00023707922082394361,0.00017926601867657155,0.0,0.0006827637553215027,0.0014766878448426723,0.0020151014905422926,0.0163134578615427,0.09084636718034744,0.10566885024309158,0.02702523209154606,0.041502151638269424,0.0009809407638385892,0.0005345709505490959,0.000151774293044582,0.0011385484831407666,0.0005623766337521374,0.00037440896267071366,0.1645658016204834
8,2458,2022-06-07 10:37:33.958,Lon: -101.992921667 Lat: 31.8455265
Mg,Al,Si,P,S,Cl,Ca,Ti,V,Cr,Mn,Fe,Co,Ni,Cu,Zn,As,Se,Rb,Sr,Y,Zr,Nb,Mo,Ag,Cd,Sn,Sb,Ba,La,Ce,Pr,Nd,W,Hg,Pb,Bi,Th,U,LE
0.9473245739936829,1.5974822044372559,7.755540370941162,0.01698240078985691,1.2008055448532104,17.18767738342285,4.126172065734863,0.133193239569664,0.0,0.033119216561317444,0.025690577924251556,0.9269213080406189,0.0055871205404400826,0.0034744867589324713,0.005148685071617365,0.07672042399644852,0.0006793480715714395,0.0003541414625942707,0.0036936711985617876,0.08162061125040054,0.001205667620524764,0.02345097064971924,0.0,0.001021605683490634,0.0,0.00383111834526062,0.004581754095852375,0.0,6.006588459014893,0.0,0.063921257853508,0.19041094183921814,0.3230387270450592,0.0,0.0,0.0017175126122310758,0.0,0.0,0.0,59.252044677734375
0.2406003326177597,0.040438298135995865,0.046277306973934174,0.0029249077197164297,0.008653048425912857,0.07812616229057312,0.0211690291762352,0.03030536137521267,0.015309223905205727,0.003547083120793104,0.0026987940073013306,0.0078164953738451,0.0017936988733708858,0.00044650398194789886,0.0004747248312924057,0.0010215651709586382,0.0001529962755739689,0.00010590174497338012,0.0001258859265362844,0.0005599466385319829,0.0001412691199220717,0.0002891487965825945,0.00025656665093265474,0.00019946883548982441,0.0,0.0007528563728556037,0.0009028805652633309,0.00211295741610229,0.03584890067577362,0.06830587983131409,0.01737554743885994,0.034506697207689285,0.055162109434604645,0.0012211648281663656,0.0006368597969412804,0.00018328349688090384,0.0012626481475308537,0.000626200984697789,0.00042255743755958974,0.1779947727918625
9,2459,2022-06-07 10:42:01.960,Lon: -101.9929205 Lat: 31.845524667
Ti,V,Cr,Mn,Fe,Co,Ni,Cu,Zn,As,Se,Rb,Sr,Y,Zr,Nb,Mo,Ag,Cd,Sn,Sb,Ba,W,Hg,Pb,Bi,Th,U,LE
0.0,0.0,0.0,0.37438952922821045,2.462751626968384,0.0,0.0,0.0,0.14363709092140198,0.0,0.014301704242825508,0.0,0.10548730939626694,0.0,0.028373753651976585,0.018359532579779625,0.0,0.0,0.0,0.09012357145547867,0.0,8.875357627868652,0.0,0.0,0.0,0.0,0.0,0.0,87.88721466064453
0.6381546854972839,0.2393764853477478,0.08057760447263718,0.08617500215768814,0.30918166041374207,0.029125694185495377,0.013190815225243568,0.01331888698041439,0.026843439787626266,0.004240518901497126,0.004950160160660744,0.0024660027120262384,0.013782840222120285,0.003204102860763669,0.006682330276817083,0.005638467147946358,0.004290439188480377,0.0,0.013533643446862698,0.025859365239739418,0.020256422460079193,1.3540349006652832,0.020954016596078873,0.015263357199728489,0.005685212090611458,0.01890854351222515,0.009093699976801872,0.006433309055864811,1.6312097311019897
10,2460,2022-06-07 10:44:29.960,Lon: -101.992920333 Lat: 31.845524333
Ti,V,Cr,Mn,Fe,Co,Ni,Cu,Zn,As,Se,Rb,Sr,Y,Zr,Nb,Mo,Ag,Cd,Sn,Sb,Ba,W,Hg,Pb,Bi,Th,U,LE
0.0,0.0,0.0,0.016534894704818726,0.9498854279518127,0.0,0.0,0.004836455453187227,0.0816485658288002,0.0,0.0,0.0061691575683653355,0.041056934744119644,0.002226062584668398,0.01542935986071825,0.0,0.0,0.0,0.0,0.0,0.0,0.5847291946411133,0.0,0.0,0.0,0.0,0.0,0.0,98.2974853515625
0.08057373017072678,0.030505772680044174,0.010966688394546509,0.0053721521981060505,0.021110843867063522,0.008526906371116638,0.0020567607134580612,0.001306123798713088,0.0029718074947595596,0.0007139467634260654,0.0004947696579620242,0.0004123316612094641,0.0009557265439070761,0.000413339032093063,0.0006741883116774261,0.000859989260789007,0.0010406557703390718,0.0,0.004121036268770695,0.00522428285330534,0.007211877498775721,0.09478934109210968,0.004141510464251041,0.0022054051514714956,0.000925083237234503,0.004008417017757893,0.0019865126814693213,0.0012764970306307077,0.09742815047502518
11,2461,2022-06-07 10:44:55.964,Lon: -101.99292023 Lat: 31.845524302
Ti,V,Cr,Mn,Fe,Co,Ni,Cu,Zn,As,Se,Rb,Sr,Y,Zr,Nb,Mo,Ag,Cd,Sn,Sb,Ba,W,Hg,Pb,Bi,Th,U,LE
0.23586530983448029,0.0,0.0,0.01616872102022171,0.905174732208252,0.0,0.004697121679782867,0.0,0.08454524725675583,0.0,0.0008806439000181854,0.005690275225788355,0.03959677368402481,0.0027486335020512342,0.014241071417927742,0.0,0.0,0.00924593023955822,0.0,0.009764580056071281,0.0,0.43752363324165344,0.0,0.0,0.0,0.0,0.0,0.0,98.23385620117188
0.04705177620053291,0.02619696967303753,0.009400424547493458,0.005173928570002317,0.01834409311413765,0.007544659543782473,0.0012605137890204787,0.0017922192346304655,0.0027199331670999527,0.0006122357444837689,0.0002708722313400358,0.00035044795367866755,0.0008254832937382162,0.00037357487599365413,0.0005912553169764578,0.000767714052926749,0.0009152001584880054,0.0021073149982839823,0.0036847549490630627,0.0028960639610886574,0.006391147617250681,0.0814698189496994,0.003975144121795893,0.0020269097294658422,0.0007882888894528151,0.0036182005424052477,0.0017893400508910418,0.0011032848851755261,0.09597005695104599
12,2462,2022-06-07 11:58:30.976,Lon: -101.992475004 Lat: 31.845708901
Mg,Al,Si,P,S,Cl,Ca,Ti,V,Cr,Mn,Fe,Co,Ni,Cu,Zn,As,Se,Rb,Sr,Y,Zr,Nb,Mo,Ag,Cd,Sn,Sb,Ba,La,Ce,Pr,Nd,W,Hg,Pb,Bi,Th,U,LE
0.0,2.2947869300842285,9.25658130645752,0.059583839029073715,1.22979736328125,7.969357967376709,4.455153465270996,0.20784777402877808,0.0,0.018608830869197845,0.023177392780780792,1.780457615852356,0.0,0.0036730521824210882,0.0033894525840878487,0.019480176270008087,0.0009171852725557983,0.0008520155679434538,0.00622690049931407,0.04121346399188042,0.0019292900105938315,0.010564113967120647,0.0,0.0,0.0,0.0,0.0,0.0,0.054831020534038544,0.018201027065515518,0.01594029925763607,0.0,0.0,0.0,0.0,0.0,0.0,0.0,0.0,72.52742767333984
1.0982438325881958,0.0894121378660202,0.07110574841499329,0.00785413384437561,0.014508385211229324,0.04727650806307793,0.026425359770655632,0.033316392451524734,0.01629994809627533,0.004488836973905563,0.0038672038353979588,0.016423871740698814,0.005836150608956814,0.0008318410837091506,0.0008256169967353344,0.000904673186596483,0.0002517061657272279,0.00020694799604825675,0.00023514812346547842,0.0005050394684076309,0.0002514650404918939,0.0003511699615046382,0.00047103592078201473,0.0005679986788891256,0.0,0.0021696502808481455,0.002774740569293499,0.0038429328706115484,0.0027599844615906477,0.004032310098409653,0.005072295665740967,0.47794824838638306,0.6544126272201538,0.001970855053514242,0.001253146561793983,0.000492878258228302,0.0022146813571453094,0.0010895953746512532,0.0007132819155231118,0.10949520766735077
13,2463,2022-06-07 12:05:34.973,Lon: -101.992474917 Lat: 31.845708102
Mg,Al,Si,P,S,Cl,Ca,Ti,V,Cr,Mn,Fe,Co,Ni,Cu,Zn,As,Se,Rb,Sr,Y,Zr,Nb,Mo,Ag,Cd,Sn,Sb,Ba,La,Ce,Pr,Nd,W,Hg,Pb,Bi,Th,U,LE
0.0,0.9165488481521606,3.587367296218872,0.0,0.38945016264915466,16.350025177001953,6.214334487915039,0.09420094639062881,0.0,0.0,0.013772767037153244,0.9288795590400696,0.0,0.0,0.009084280580282211,0.06192989647388458,0.0,0.0,0.0006882176385261118,0.04754593223333359,0.000725458434317261,0.0037877445574849844,0.0,0.0012043187161907554,0.0,0.0,0.0,0.0,0.03625914081931114,0.0,0.0,0.0,0.0,0.0,0.0,0.0035466901026666164,0.0,0.0,0.0,71.34065246582031
0.3624236583709717,0.040653035044670105,0.0268245842307806,0.00880859699100256,0.004905875772237778,0.04753149673342705,0.020851852372288704,0.017366912215948105,0.008243823423981667,0.0033663723152130842,0.001962499227374792,0.007204222492873669,0.002854609629139304,0.0006346654263325036,0.0005405120318755507,0.0009123894851654768,0.000317535042995587,0.00017772219143807888,9.949476952897385e-05,0.00034694906207732856,0.00013442843919619918,0.00019160569354426116,0.0002998753625433892,0.00019858386076521128,0.0,0.0014162346487864852,0.0017840542132034898,0.002447937149554491,0.003298529889434576,0.1494513750076294,0.17875559628009796,0.3287315368652344,0.45035791397094727,0.0013116275658831,0.0006956547149457037,0.00021790560276713222,0.0014088405296206474,0.0006904351757839322,0.00045747467083856463,0.06182665750384331
14,2464,2022-06-07 12:12:59.473,Lon: -101.9924715 Lat: 31.845697833
Ti,V,Cr,Mn,Fe,Co,Ni,Cu,Zn,As,Se,Rb,Sr,Y,Zr,Nb,Mo,Ag,Cd,Sn,Sb,Ba,W,Hg,Pb,Bi,Th,U,LE
0.0,0.0,0.0,0.0,2.2600598335266113,0.0,0.0,0.0,0.1345261037349701,0.0,0.0,0.016572676599025726,0.06395066529512405,0.015841081738471985,0.04414069280028343,0.01960255578160286,0.02814735285937786,0.0,0.0,0.0,0.0,5.578319549560547,0.0,0.0,0.0,0.0,0.0,0.0,91.83883666992188
0.8919483423233032,0.273727685213089,0.14272288978099823,0.0663476437330246,0.40797653794288635,0.05522584542632103,0.02902827598154545,0.02017853409051895,0.034203723073005676,0.008495638146996498,0.004333351273089647,0.005613770801573992,0.012675764970481396,0.005510198883712292,0.010122125037014484,0.007176866289228201,0.010040819644927979,0.0,0.02564941719174385,0.03013937920331955,0.039636511355638504,1.4671753644943237,0.02782280556857586,0.01663081906735897,0.01019266527146101,0.032169803977012634,0.0157681405544281,0.011954749003052711,1.7363635301589966
15,2465,2022-06-07 12:14:02.280,Lon: -101.992472 Lat: 31.845692167
Mg,Al,Si,P,S,Cl,Ca,Ti,V,Cr,Mn,Fe,Co,Ni,Cu,Zn,As,Se,Rb,Sr,Y,Zr,Nb,Mo,Ag,Cd,Sn,Sb,Ba,La,Ce,Pr,Nd,W,Hg,Pb,Bi,Th,U,LE
0.0,1.523037075996399,4.347012042999268,0.02469409629702568,0.6522244811058044,32.070491790771484,2.0297744274139404,0.0,0.0,0.026939643546938896,0.014916929416358471,0.6898542046546936,0.0,0.003461145795881748,0.0034269692841917276,0.0430719330906868,0.0,0.0,0.0043931701220571995,0.02733086794614792,0.0020137736573815346,0.012374603189527988,0.0012272888561710715,0.0016862328629940748,0.0,0.0,0.0,0.0,0.16715791821479797,0.0,0.0,0.0,0.0,0.0,0.0,0.0,0.0,0.0,0.0,58.35491180419922
0.721697986125946,0.08623932301998138,0.04957764968276024,0.006805797573179007,0.011708652600646019,0.13059377670288086,0.018745101988315582,0.02614573761820793,0.020391281694173813,0.006044868379831314,0.004713305737823248,0.011187534779310226,0.004695144481956959,0.0010123047977685928,0.0010598798980936408,0.001450356445275247,0.0005210761446505785,0.0003886730410158634,0.00025016628205776215,0.00046519425814040005,0.00027688880800269544,0.0003973528218921274,0.00030720632639713585,0.0003937763103749603,0.0,0.0026926349382847548,0.0034492770209908485,0.004722685553133488,0.0043860916048288345,0.20489047467708588,0.23622986674308777,0.429932564496994,0.5880592465400696,0.002636033808812499,0.0016476273303851485,0.0006317261722870171,0.002686654217541218,0.0013132041785866022,0.0008748918771743774,0.14062844216823578
16,2466,2022-06-07 12:25:23.473,Lon: -101.992467667 Lat: 31.845649
Mg,Al,Si,P,S,Cl,Ca,Ti,V,Cr,Mn,Fe,Co,Ni,Cu,Zn,As,Se,Rb,Sr,Y,Zr,Nb,Mo,Ag,Cd,Sn,Sb,Ba,La,Ce,Pr,Nd,W,Hg,Pb,Bi,Th,U,LE
0.0,0.7742377519607544,2.887817144393921,0.0,3.9007856845855713,17.205419540405273,6.623391628265381,0.0,0.0,0.0,0.010891523212194443,0.8490127325057983,0.008374088443815708,0.002609123010188341,0.0,0.01324896514415741,0.0,0.0,0.004141457844525576,0.05330285429954529,0.00149382627569139,0.015373384580016136,0.000686389917973429,0.0017320147017017007,0.0,0.0,0.0,0.0,0.09746479243040085,0.0,0.0,0.0,0.0,0.0,0.0,0.0007511579897254705,0.0,0.0,0.0,67.54926300048828
0.5126922726631165,0.055423133075237274,0.03130399435758591,0.011916767805814743,0.020283276215195656,0.06380759179592133,0.02839840203523636,0.019151339307427406,0.011800475418567657,0.004762462340295315,0.0029322789050638676,0.0090187331661582,0.0024003004655241966,0.0006269571022130549,0.0009335143258795142,0.0006356305675581098,0.00033394875936210155,0.00027224395307712257,0.00017557070532348007,0.0004809526726603508,0.0001924077805597335,0.000317381345666945,0.0002175540430471301,0.00027373808552511036,0.0,0.0019144491525366902,0.002465019002556801,0.003387350821867585,0.00384320504963398,0.17950750887393951,0.2121184766292572,0.398684561252594,0.5418335199356079,0.001551267341710627,0.0009646923863328993,0.00023760813928674906,0.0019153989851474762,0.0009377817041240633,0.0006338925450108945,0.08145686239004135
17,2467,2022-06-07 12:27:51.972,Lon: -101.992470735 Lat: 31.84562684
Mg,Al,Si,P,S,Cl,Ca,Ti,V,Cr,Mn,Fe,Co,Ni,Cu,Zn,As,Se,Rb,Sr,Y,Zr,Nb,Mo,Ag,Cd,Sn,Sb,Ba,La,Ce,Pr,Nd,W,Hg,Pb,Bi,Th,U,LE
0.0,0.9150599241256714,3.647409200668335,0.0,0.3848487138748169,35.18499755859375,1.2146550416946411,0.08379952609539032,0.0,0.012352978810667992,0.011137936264276505,0.8318608403205872,0.0,0.0,0.0023244803305715322,0.10349831730127335,0.0007020095945335925,0.0005225538043305278,0.004866944160312414,0.026373637840151787,0.0013418322196230292,0.013511980883777142,0.0,0.0,0.0,0.0,0.0,0.0,0.27118656039237976,0.0,0.0,0.0,0.0716656967997551,0.0,0.0,0.0,0.0,0.0,0.0,57.2178840637207
0.352340966463089,0.04870046675205231,0.03034241683781147,0.007470578886568546,0.006104782689362764,0.09099859744310379,0.00984464306384325,0.02600465901196003,0.012125658802688122,0.0034286424051970243,0.002867611823603511,0.008496242575347424,0.0034539694897830486,0.0009106419165618718,0.0006157897878438234,0.0014881995739415288,0.00018931509112007916,0.00014389993157237768,0.00017120441771112382,0.00031580840004608035,0.00018472570809535682,0.00027764670085161924,0.00039833856862969697,0.0004822828050237149,0.0,0.0018828794127330184,0.002420274540781975,0.003314476227387786,0.0054683079943060875,0.14729583263397217,0.17742151021957397,0.33190828561782837,0.019813019782304764,0.0020412656012922525,0.0010293865343555808,0.00039438329986296594,0.001782121486030519,0.0008719270117580891,0.0005552879883907735,0.09590848535299301
18,2468,2022-06-07 12:31:13.974,Lon: -101.992502606 Lat: 31.845623505
Mg,Al,Si,P,S,Cl,Ca,Ti,V,Cr,Mn,Fe,Co,Ni,Cu,Zn,As,Se,Rb,Sr,Y,Zr,Nb,Mo,Ag,Cd,Sn,Sb,Ba,La,Ce,Pr,Nd,W,Hg,Pb,Bi,Th,U,LE
7.886497497558594,5.855090618133545,17.102113723754883,0.0,3.3984081745147705,42.18488693237305,10.869924545288086,0.0,0.0,0.10276123136281967,0.0,1.5716025829315186,0.0,0.0,0.0,0.06082763522863388,0.0,0.0,0.003975038882344961,0.045733265578746796,0.004181738011538982,0.016002031043171883,0.0,0.0,0.0,0.0,0.0,0.0,0.06277185678482056,0.0,0.0,0.0,0.07827288657426834,0.0,0.0,0.006264770403504372,0.0,0.0,0.0,10.750682830810547
2.183861494064331,0.36421704292297363,0.6021448373794556,0.03779754787683487,0.1377391368150711,1.2263027429580688,0.3758435547351837,0.07184154540300369,0.08995790034532547,0.03147827833890915,0.10506589710712433,0.07210244983434677,0.01618373952805996,0.006642285268753767,0.006613115780055523,0.005945542827248573,0.0022308737970888615,0.001791256247088313,0.0010101823136210442,0.002363168867304921,0.0011578131234273314,0.0015788626624271274,0.0018388679018244147,0.0023402611259371042,0.0,0.007692932151257992,0.009374009445309639,0.012436321005225182,0.00452523585408926,0.5907098650932312,0.6868698000907898,1.2106190919876099,0.016518454998731613,0.011365565471351147,0.007357131224125624,0.0020809820853173733,0.009220692329108715,0.004353424999862909,0.003258882090449333,0.46253734827041626
19,2469,2022-06-07 12:36:48.472,Lon: -101.992502824 Lat: 31.845624281
Ti,V,Cr,Mn,Fe,Co,Ni,Cu,Zn,As,Se,Rb,Sr,Y,Zr,Nb,Mo,Ag,Cd,Sn,Sb,Ba,W,Hg,Pb,Bi,Th,U,LE
0.12494704127311707,0.0,0.0156999621540308,0.017606021836400032,0.9265171885490417,0.009948641061782837,0.002659743884578347,0.003222839208319783,0.0368800088763237,0.0,0.0005901621771045029,0.005575987510383129,0.03782333806157112,0.0015240891370922327,0.0171152725815773,0.0008999911369755864,0.001212001545354724,0.004962518811225891,0.0,0.007119010668247938,0.0,0.5432369112968445,0.0,0.0,0.0016653280472382903,0.0,0.0,0.0,98.24079132080078
0.02793232537806034,0.015562443062663078,0.0037226143758744,0.0032297205179929733,0.010767161846160889,0.0025956418830901384,0.0006841641734354198,0.000753676169551909,0.0010669148759916425,0.0004126346029806882,0.0001786619977792725,0.00021108065266162157,0.00046813164954073727,0.00021866458700969815,0.00035983489942736924,0.00025146480766125023,0.0003214637690689415,0.0012335047358646989,0.002170191379263997,0.0016647884622216225,0.00375032308511436,0.05055204778909683,0.0019005421781912446,0.0011186923366039991,0.0002873855410143733,0.002137772273272276,0.001046022749505937,0.0006954222917556763,0.05891222879290581
20,2470,2022-06-07 12:40:12.280,Lon: -101.99250747 Lat: 31.845623908
Mg,Al,Si,P,S,Cl,Ca,Ti,V,Cr,Mn,Fe,Co,Ni,Cu,Zn,As,Se,Rb,Sr,Y,Zr,Nb,Mo,Ag,Cd,Sn,Sb,Ba,La,Ce,Pr,Nd,W,Hg,Pb,Bi,Th,U,LE
0.0,1.4242560863494873,5.895201206207275,0.015250560827553272,0.6577058434486389,26.54574203491211,2.644291639328003,0.21606571972370148,0.0,0.013267328962683678,0.013047761283814907,1.814527988433838,0.013308401219546795,0.004778570961207151,0.0029865799006074667,0.03952622786164284,0.0011164526222273707,0.0006975238211452961,0.006990737281739712,0.03617076948285103,0.001509362831711769,0.014331352896988392,0.0006047084461897612,0.0010905638337135315,0.0,0.0,0.0,0.0,0.27428552508354187,0.0,0.0,0.0,0.0,0.0,0.0,0.0012923747999593616,0.0,0.0,0.0,60.36195373535156
0.22573897242546082,0.03575395792722702,0.028155077248811722,0.002446768805384636,0.0049966974183917046,0.05547867715358734,0.009782937355339527,0.017117340117692947,0.00828902330249548,0.002316015772521496,0.002022634958848357,0.009302300401031971,0.0022504341322928667,0.00044922909000888467,0.00042496895184740424,0.0006760582909919322,0.00014421109517570585,0.0001043299344019033,0.00013951958680991083,0.0002669087261892855,0.00013674584624823183,0.00020704891358036548,0.00014749875117558986,0.00018387858290225267,0.0,0.001275972812436521,0.0016045219963416457,0.0021869370248168707,0.005742828827351332,0.12630902230739594,0.15338611602783203,0.28505516052246094,0.3898564577102661,0.0010610929457470775,0.0005906839505769312,0.00016476928431075066,0.0012403440196067095,0.0006083139451220632,0.0003979394386988133,0.06288980692625046
21,2471,2022-06-07 12:46:01.060,Lon: -101.992510148 Lat: 31.845623324
Mg,Al,Si,P,S,Cl,Ca,Ti,V,Cr,Mn,Fe,Co,Ni,Cu,Zn,As,Se,Rb,Sr,Y,Zr,Nb,Mo,Ag,Cd,Sn,Sb,Ba,La,Ce,Pr,Nd,W,Hg,Pb,Bi,Th,U,LE
0.0,1.0267267227172852,4.138227462768555,0.0,0.5640254616737366,24.215045928955078,1.4366881847381592,0.17092512547969818,0.0,0.015153801999986172,0.016351789236068726,1.2519946098327637,0.0,0.0019219837849959731,0.0,0.022913627326488495,0.0,0.0006102679762989283,0.004747564438730478,0.022165067493915558,0.001763080945238471,0.014293013140559196,0.0,0.0,0.0,0.0,0.0,0.0,0.03574575483798981,0.0,0.0,0.0,0.0,0.0,0.0,0.0008722172351554036,0.003134202677756548,0.0,0.0,67.05669403076172
0.5199143886566162,0.055155787616968155,0.03529058396816254,0.010550309903919697,0.007251066155731678,0.0782998725771904,0.010261129587888718,0.024617547169327736,0.011559219099581242,0.0034028389491140842,0.0028528745751827955,0.010735434480011463,0.004151218105107546,0.0005820314399898052,0.0009177629835903645,0.0007585810963064432,0.00032950309105217457,0.0001448372204322368,0.00017415407637599856,0.00029582620481960475,0.00018622637435328215,0.0002789551508612931,0.000386588741093874,0.00046609179116785526,0.0,0.0018111525569111109,0.0023319823667407036,0.0032029864378273487,0.0030374876223504543,0.18154945969581604,0.2159741222858429,0.402273565530777,0.5473530888557434,0.0014511961489915848,0.0008895251667127013,0.00023041565145831555,0.0009795392397791147,0.000849952339194715,0.0005770545685663819,0.08959952741861343
22,2472,2022-06-07 12:52:57.473,Lon: -101.992510148 Lat: 31.845623324
Mg,Al,Si,P,S,Cl,Ca,Ti,V,Cr,Mn,Fe,Co,Ni,Cu,Zn,As,Se,Rb,Sr,Y,Zr,Nb,Mo,Ag,Cd,Sn,Sb,Ba,La,Ce,Pr,Nd,W,Hg,Pb,Bi,Th,U,LE
0.0,1.77493417263031,6.96401834487915,0.04525051638484001,1.016389012336731,9.525142669677734,3.125171661376953,0.20680813491344452,0.0,0.019161531701683998,0.020657777786254883,1.967725157737732,0.0,0.00440225750207901,0.0041583520360291,0.011502395384013653,0.0008222489268518984,0.001341340597718954,0.006769760046154261,0.03200428932905197,0.0023682694882154465,0.011078493669629097,0.0,0.0009051713859662414,0.0,0.0,0.0,0.006972139235585928,0.04830216243863106,0.0,0.0,0.03499991074204445,0.07537756115198135,0.0,0.0,0.0007261208374984562,0.0,0.0,0.0,75.09300994873047
0.75184565782547,0.062178656458854675,0.04766268655657768,0.004963262472301722,0.009744693525135517,0.041079673916101456,0.015432557091116905,0.022623958066105843,0.011555537581443787,0.0031931018456816673,0.0026895562186837196,0.01344359666109085,0.004783706273883581,0.0006183598889037967,0.000582708977162838,0.0005552057991735637,0.00018681953952182084,0.00015446596080437303,0.00018503260798752308,0.0003406190371606499,0.00018848376930691302,0.0002585288602858782,0.0003527567896526307,0.0002508889010641724,0.0,0.0016666767187416553,0.002124359365552664,0.0016398894367739558,0.0030247464310377836,0.16773487627506256,0.19717174768447876,0.010787060484290123,0.01563364453613758,0.0012708798749372363,0.0008157597621902823,0.0002208422520197928,0.001617549336515367,0.0007907633553259075,0.0005343254888430238,0.07981833070516586
23,2473,2022-06-07 12:55:27.973,Lon: -101.992510148 Lat: 31.845623324
Mg,Al,Si,P,S,Cl,Ca,Ti,V,Cr,Mn,Fe,Co,Ni,Cu,Zn,As,Se,Rb,Sr,Y,Zr,Nb,Mo,Ag,Cd,Sn,Sb,Ba,La,Ce,Pr,Nd,W,Hg,Pb,Bi,Th,U,LE
0.0,0.480205237865448,2.3917438983917236,0.0,0.34560850262641907,36.612571716308594,1.3947985172271729,0.08460938185453415,0.0,0.011162529699504375,0.01526134368032217,0.8309395909309387,0.010044712573289871,0.0019174896879121661,0.0037032754626125097,0.08996396511793137,0.0007542549283243716,0.0,0.004601184278726578,0.03986923769116402,0.0014139482518658042,0.012950397096574306,0.0,0.0008995798416435719,0.0,0.0,0.0,0.0,0.498206228017807,0.0,0.0,0.0,0.0,0.0,0.0,0.0008782138465903699,0.0,0.0,0.0,57.16789627075195
0.27843090891838074,0.039345502853393555,0.022297963500022888,0.007193693425506353,0.004848881158977747,0.08142919093370438,0.009115302935242653,0.02253313735127449,0.010588292963802814,0.0030081167351454496,0.002552238991484046,0.007568565662950277,0.0020516477525234222,0.0004999731318093836,0.0005509140319190919,0.001232379232533276,0.00016846935614012182,0.00020825269166380167,0.00015140758478082716,0.0003452579549048096,0.00016259271069429815,0.0002523845760151744,0.00034737991518341005,0.00022747533512301743,0.0,0.0016451869159936905,0.002109674271196127,0.0028904052451252937,0.0070863161236047745,0.1334039568901062,0.1563960462808609,0.28708940744400024,0.4057208001613617,0.0016810422530397773,0.0008364260429516435,0.00019712626817636192,0.0016253183130174875,0.0008017825894057751,0.000517401029355824,0.08430881798267365
24,2474,2022-06-07 13:01:27.975,Lon: -101.992510148 Lat: 31.845623324
Mg,Al,Si,P,S,Cl,Ca,Ti,V,Cr,Mn,Fe,Co,Ni,Cu,Zn,As,Se,Rb,Sr,Y,Zr,Nb,Mo,Ag,Cd,Sn,Sb,Ba,La,Ce,Pr,Nd,W,Hg,Pb,Bi,Th,U,LE
0.0,0.9193803071975708,3.543281316757202,0.0,0.3943832218647003,28.449249267578125,1.549515962600708,0.14226660132408142,0.0,0.0,0.01619860902428627,0.910499095916748,0.007356423418968916,0.0,0.0031649102456867695,0.09116199612617493,0.0,0.0,0.004970915149897337,0.023631781339645386,0.001110460376366973,0.01017700880765915,0.0,0.0,0.0,0.0,0.0,0.0,0.1272590160369873,0.0,0.0,0.0,0.060064464807510376,0.0,0.0,0.0009173357975669205,0.0,0.0,0.0,63.74541091918945
0.3873971402645111,0.047343362122774124,0.029400642961263657,0.008085244335234165,0.0057656606659293175,0.07792124897241592,0.009909390471875668,0.02249155566096306,0.01079740934073925,0.004214487038552761,0.0027151000685989857,0.008355882950127125,0.0021889396011829376,0.0008236365974880755,0.0005465338472276926,0.0012971119722351432,0.0002991319342982024,0.00023254741972777992,0.00015899150457698852,0.00028033318812958896,0.00016641983529552817,0.00024056840629782528,0.0003669181023724377,0.000438583898358047,0.0,0.001732932636514306,0.0022169200237840414,0.003046144265681505,0.003953705541789532,0.16187167167663574,0.1891345977783203,0.34842929244041443,0.01659155823290348,0.0017628452042117715,0.0009022052399814129,0.00020670730737037957,0.0016531544970348477,0.0008130769128911197,0.000507088378071785,0.0852978453040123
25,2475,2022-06-07 15:02:40.987,Lon: -101.992529896 Lat: 31.845694411
Mg,Al,Si,P,S,Cl,Ca,Ti,V,Cr,Mn,Fe,Co,Ni,Cu,Zn,As,Se,Rb,Sr,Y,Zr,Nb,Mo,Ag,Cd,Sn,Sb,Ba,La,Ce,Pr,Nd,W,Hg,Pb,Bi,Th,U,LE
0.0,0.292499303817749,1.0166417360305786,0.0,0.0839092805981636,36.13400650024414,0.23266509175300598,0.0,0.0,0.0,0.01381134707480669,0.2781754732131958,0.012085876427590847,0.0,0.0,0.023705974221229553,0.0,0.0,0.003223591949790716,0.03387679159641266,0.0012019712012261152,0.014629854820668697,0.0,0.0011215511476621032,0.0,0.0,0.0,0.0,0.10864805430173874,0.0,0.0,0.0,0.045777827501297,0.0,0.0,0.0010369464289397001,0.0,0.0,0.0,61.702980041503906
0.8457114696502686,0.062189556658267975,0.024060724303126335,0.012225276790559292,0.0065202838741242886,0.11371998488903046,0.00929770153015852,0.01661745086312294,0.011870836839079857,0.005458428058773279,0.003245285712182522,0.005962656810879707,0.0019882768392562866,0.0010801359312608838,0.0011754266452044249,0.0009282516548410058,0.0004111284506507218,0.00032885174732655287,0.0001878223556559533,0.00042749670683406293,0.00021713819296564907,0.0003427560441195965,0.0004954558098688722,0.00031757488613948226,0.0,0.00236369576305151,0.0030211734119802713,0.004162680357694626,0.00348166236653924,0.1940757781267166,0.23348809778690338,0.43553560972213745,0.014715678058564663,0.002067818306386471,0.0012464314932003617,0.00028692229534499347,0.002250892110168934,0.0011064441641792655,0.0007569185690954328,0.11822792142629623
26,2476,2022-06-07 15:05:40.986,Lon: -101.992529571 Lat: 31.845693947
Mg,Al,Si,P,S,Cl,Ca,Ti,V,Cr,Mn,Fe,Co,Ni,Cu,Zn,As,Se,Rb,Sr,Y,Zr,Nb,Mo,Ag,Cd,Sn,Sb,Ba,La,Ce,Pr,Nd,W,Hg,Pb,Bi,Th,U,LE
0.0,0.12087572365999222,1.1334798336029053,0.0,0.0,45.921478271484375,0.0,0.0,0.0,0.0,0.011527995578944683,0.423489511013031,0.009823588654398918,0.0017247707583010197,0.008124887011945248,0.028393253684043884,0.0006149582914076746,0.0,0.003941405098885298,0.031705714762210846,0.0007800862076692283,0.01022659707814455,0.0,0.0008044496062211692,0.0,0.0,0.0,0.0,0.15731853246688843,0.019399432465434074,0.024338701739907265,0.0,0.0,0.0,0.0,0.0007797533762641251,0.0,0.0,0.0,52.09117126464844
0.3730473518371582,0.035688139498233795,0.016445783898234367,0.005877412389963865,0.009081931784749031,0.08613458275794983,0.01043686643242836,0.007061080075800419,0.008672644384205341,0.003848649561405182,0.0024039160925894976,0.005456107202917337,0.0016477035824209452,0.000498895300552249,0.0006327120936475694,0.0007385430508293211,0.00016595693887211382,0.00022197440557647496,0.00014471280155703425,0.0003053383552469313,0.00015406316379085183,0.00023375659657176584,0.000357199547579512,0.000225002906518057,0.0,0.0017313873395323753,0.0022260472178459167,0.0030497554689645767,0.004707111045718193,0.006257489323616028,0.0074516404420137405,0.3323720097541809,0.4629785418510437,0.0014590815408155322,0.0008157388656400144,0.00019483368669170886,0.0016574178589507937,0.0008118304540403187,0.000524368486367166,0.08666715770959854
27,2477,2022-06-07 15:09:02.989,Lon: -101.9925295 Lat: 31.845691667
Ti,V,Cr,Mn,Fe,Co,Ni,Cu,Zn,As,Se,Rb,Sr,Y,Zr,Nb,Mo,Ag,Cd,Sn,Sb,Ba,W,Hg,Pb,Bi,Th,U,LE
0.42946261167526245,0.0,0.0,0.10817635804414749,2.785659074783325,0.0,0.0,0.0,0.12302286177873611,0.0,0.0,0.016004914417862892,0.05413491651415825,0.0,0.02144290879368782,0.005863852333277464,0.0,0.0,0.0,0.0,0.0,0.0,0.0,0.0,0.0,0.0,0.0,0.0,96.45623016357422
0.13403819501399994,0.0815730094909668,0.037385083734989166,0.021561533212661743,0.13472490012645721,0.0353156216442585,0.010939659550786018,0.009713254868984222,0.010927721858024597,0.003519395599141717,0.0023687700740993023,0.0019282334251329303,0.0034660561941564083,0.002679339610040188,0.00248417048715055,0.001903914613649249,0.003414175007492304,0.0,0.011432996951043606,0.013352187350392342,0.01709063909947872,1.0364232063293457,0.016807395964860916,0.011020100675523281,0.00410105288028717,0.014953374862670898,0.007235017605125904,0.005023831035941839,0.20842614769935608
28,2478,2022-06-07 15:11:26.991,Lon: -101.992531936 Lat: 31.84568482
Mg,Al,Si,P,S,Cl,Ca,Ti,V,Cr,Mn,Fe,Co,Ni,Cu,Zn,As,Se,Rb,Sr,Y,Zr,Nb,Mo,Ag,Cd,Sn,Sb,Ba,La,Ce,Pr,Nd,W,Hg,Pb,Bi,Th,U,LE
0.0,1.158846139907837,4.009522914886475,0.0,0.1547623872756958,36.02210235595703,1.9895285367965698,0.15738916397094727,0.0,0.0,0.02265339344739914,1.3814502954483032,0.01453948300331831,0.003222055034711957,0.004397707991302013,0.05336103215813637,0.0,0.0,0.0035604918375611305,0.050576742738485336,0.0010108482092618942,0.008264287374913692,0.0,0.0018917140550911427,0.0,0.0,0.0,0.0,0.04390430077910423,0.0,0.0,0.0,0.0,0.0,0.0,0.002672341652214527,0.0,0.0,0.0,54.916343688964844
0.48211413621902466,0.06447844952344894,0.038916051387786865,0.011757422238588333,0.007062189746648073,0.11461608856916428,0.01548103429377079,0.02874690108001232,0.013159186579287052,0.005887180101126432,0.003913634456694126,0.013855532743036747,0.003562760539352894,0.0008312517311424017,0.0008954745717346668,0.0013746075564995408,0.0005030862521380186,0.0003341382252983749,0.0002123021549778059,0.0005549471243284643,0.00024006899911910295,0.00034311096533201635,0.0004996445495635271,0.00033614138374105096,0.0,0.002295395592227578,0.0029041364323347807,0.003977322019636631,0.002912708790972829,0.24340061843395233,0.28970932960510254,0.5467779040336609,0.7470457553863525,0.0023772078566253185,0.0013429862447082996,0.00035092083271592855,0.0024051275104284286,0.0011765329400077462,0.0008101569255813956,0.12051539868116379
29,2479,2022-06-07 15:14:26.991,Lon: -101.992532935 Lat: 31.845682581
Mg,Al,Si,P,S,Cl,Ca,Ti,V,Cr,Mn,Fe,Co,Ni,Cu,Zn,As,Se,Rb,Sr,Y,Zr,Nb,Mo,Ag,Cd,Sn,Sb,Ba,La,Ce,Pr,Nd,W,Hg,Pb,Bi,Th,U,LE
0.0,0.675630509853363,2.846970319747925,0.0,0.15754930675029755,17.79742431640625,3.3042025566101074,0.09522531181573868,0.0,0.0,0.013511891476809978,0.9243214130401611,0.0,0.0,0.009849635884165764,0.02694307453930378,0.0010152156464755535,0.0,0.0017165053868666291,0.03660129755735397,0.0006050012889318168,0.004696652293205261,0.0007005613879300654,0.001209245645441115,0.0,0.0,0.0,0.0,0.029347088187932968,0.012373705394566059,0.0,0.0,0.0,0.0,0.0,0.0026009748689830303,0.0,0.0,0.0,74.05750274658203
0.8048367500305176,0.06610213965177536,0.03641168773174286,0.019556622952222824,0.00713113509118557,0.07502973824739456,0.019412295892834663,0.02279309742152691,0.010310749523341656,0.005049724131822586,0.003130175406113267,0.010293640196323395,0.0041801356710493565,0.0010441364720463753,0.0008587075863033533,0.0009178597247228026,0.0002652295515872538,0.00028798868879675865,0.00015896811964921653,0.0004283561138436198,0.00019531554426066577,0.0002710087283048779,0.0002311691059730947,0.0002914621727541089,0.0,0.00206941831856966,0.002604659413918853,0.003606250276789069,0.0021035214886069298,0.0032723641488701105,0.26090526580810547,0.48219507932662964,0.6643858551979065,0.0018503067549318075,0.0010993347968906164,0.00030376273207366467,0.002101325895637274,0.001027168007567525,0.0006829717895016074,0.09426888823509216
30,2480,2022-06-07 15:18:45.986,Lon: -101.9925325 Lat: 31.8456845
Ti,V,Cr,Mn,Fe,Co,Ni,Cu,Zn,As,Se,Rb,Sr,Y,Zr,Nb,Mo,Ag,Cd,Sn,Sb,Ba,W,Hg,Pb,Bi,Th,U,LE
0.0,0.0,0.0,0.16564790904521942,1.755434513092041,0.0,0.0,0.0,0.13791710138320923,0.0,0.0,0.01705428585410118,0.06831163913011551,0.0,0.022850392386317253,0.0,0.0,0.0,0.0,0.0,0.0,0.0,0.0,0.0,0.0,0.0,0.0,0.0,97.8327865600586
0.48216232657432556,0.15945735573768616,0.10701225697994232,0.05132877081632614,0.18571247160434723,0.04794852063059807,0.021934522315859795,0.021959921345114708,0.021672697737812996,0.007838387042284012,0.006217183545231819,0.003514822805300355,0.00784927699714899,0.005040739197283983,0.00490227248519659,0.006100677419453859,0.007491313852369785,0.0,0.0234918724745512,0.02703317068517208,0.035299595445394516,2.3177096843719482,0.03559458628296852,0.02421730011701584,0.009327977895736694,0.030380206182599068,0.014440967701375484,0.01094816904515028,0.22520050406455994
31,2481,2022-06-07 15:19:53.988,Lon: -101.992533833 Lat: 31.8456855
Mg,Al,Si,P,S,Cl,Ca,Ti,V,Cr,Mn,Fe,Co,Ni,Cu,Zn,As,Se,Rb,Sr,Y,Zr,Nb,Mo,Ag,Cd,Sn,Sb,Ba,La,Ce,Pr,Nd,W,Hg,Pb,Bi,Th,U,LE
0.0,0.0,0.5404539704322815,0.0,0.26830145716667175,36.54141616821289,0.2900584936141968,0.05706525221467018,0.0,0.0,0.010638999752700329,0.3348769247531891,0.0,0.0,0.0,0.023989800363779068,0.0,0.0005692827980965376,0.002931970404461026,0.03445408493280411,0.0010866193333640695,0.008033656515181065,0.0006328069721348584,0.00064996158471331,0.0,0.0,0.0,0.0,0.12785077095031738,0.0,0.0,0.0,0.08265067636966705,0.0,0.0,0.0,0.00343905296176672,0.0,0.0,61.6708984375
0.456464558839798,0.06540369242429733,0.013916033320128918,0.007155296392738819,0.004597287159413099,0.07694399356842041,0.006008376367390156,0.016746755689382553,0.007689662277698517,0.00352471973747015,0.002216981491073966,0.00466770539060235,0.002149442210793495,0.0007384661003015935,0.000768096826504916,0.0006519868620671332,0.00025736220413818955,0.00011565236491151154,0.00012786015577148646,0.0003073956468142569,0.00014270158135332167,0.00021130008099135011,0.0001687320473138243,0.0002125671599060297,0.0,0.001661577494814992,0.0021412293426692486,0.0029326756484806538,0.004071504808962345,0.1422998458147049,0.17070749402046204,0.3122171461582184,0.018185852095484734,0.0013017363380640745,0.0007929839775897563,0.0003301791730336845,0.0008204489713534713,0.0007635244401171803,0.0004877911414951086,0.07786599546670914
32,2482,2022-06-07 15:26:31.987,Lon: -101.992516833 Lat: 31.845648667
Mg,Al,Si,P,S,Cl,Ca,Ti,V,Cr,Mn,Fe,Co,Ni,Cu,Zn,As,Se,Rb,Sr,Y,Zr,Nb,Mo,Ag,Cd,Sn,Sb,Ba,La,Ce,Pr,Nd,W,Hg,Pb,Bi,Th,U,LE
0.0,0.0,0.4073953628540039,0.0,0.1706053912639618,44.340728759765625,0.0,0.0,0.0,0.006953399628400803,0.012269359081983566,0.42087522149086,0.012998194433748722,0.0012079509906470776,0.002040782244876027,0.025966741144657135,0.0005378429777920246,0.0003370318445377052,0.003971871919929981,0.02566462568938732,0.0012962075415998697,0.009519451297819614,0.0,0.0008573406375944614,0.0,0.0022728219628334045,0.0,0.0,0.692969799041748,0.0,0.0,0.0,0.15603169798851013,0.0,0.0,0.0005700743640772998,0.0,0.0,0.0,53.70492935180664
0.16877442598342896,0.044673070311546326,0.010304548777639866,0.004591444041579962,0.0031935095321387053,0.06686799228191376,0.00708618713542819,0.005031068809330463,0.00649148179218173,0.0021674262825399637,0.001830494380556047,0.00435039633885026,0.0013247706228867173,0.00036626175278797746,0.0003956497530452907,0.0005650471430271864,0.00012339519162196666,9.348709863843396e-05,0.00011546562745934352,0.00022268289467319846,0.00012632508878596127,0.0001808428787626326,0.000285114161670208,0.00017788632248993963,0.0,0.000698890769854188,0.0018057767301797867,0.002466984326019883,0.008189351297914982,0.1069052666425705,0.12610039114952087,0.23431529104709625,0.025722596794366837,0.0011027714936062694,0.000644678482785821,0.00014645808550994843,0.0013069903943687677,0.0006420724093914032,0.0004063384549226612,0.06729494035243988
33,2483,2022-06-07 15:31:09.985,Lon: -101.992510833 Lat: 31.845637833
Mg,Al,Si,P,S,Cl,Ca,Ti,V,Cr,Mn,Fe,Co,Ni,Cu,Zn,As,Se,Rb,Sr,Y,Zr,Nb,Mo,Ag,Cd,Sn,Sb,Ba,La,Ce,Pr,Nd,W,Hg,Pb,Bi,Th,U,LE
0.0,0.0,0.8511284589767456,0.0,0.20580022037029266,31.775739669799805,0.20501698553562164,0.0,0.0,0.01854890212416649,0.0,0.2508426010608673,0.007614538539201021,0.0030685612000524998,0.0,0.005648669321089983,0.0,0.0,0.003042177762836218,0.044779352843761444,0.0013042720966041088,0.010119045153260231,0.0,0.0016408718656748533,0.0,0.0,0.0,0.0,0.05582690238952637,0.011821245774626732,0.016712762415409088,0.0,0.046922359615564346,0.0,0.0,0.0,0.005480124149471521,0.0,0.0,66.47894287109375
0.7478408217430115,0.10687858611345291,0.027067365124821663,0.01746179535984993,0.008690929040312767,0.11776016652584076,0.010439365170896053,0.023954244330525398,0.013658007606863976,0.004852493293583393,0.0399099737405777,0.006381262559443712,0.002156320959329605,0.0008826807606965303,0.001421579741872847,0.0007110980805009604,0.00046012873644940555,0.00038137915544211864,0.0002022044500336051,0.0005497604724951088,0.00023801512725185603,0.0003563016070984304,0.0005347758997231722,0.00035015062894672155,0.0,0.002638734644278884,0.0034188805148005486,0.004728349391371012,0.0025962565559893847,0.003595316084101796,0.004315189551562071,0.46992966532707214,0.011727017350494862,0.00216817669570446,0.0014022327959537506,0.0005744725931435823,0.0013401104370132089,0.0012408159673213959,0.0008182423771359026,0.11836221069097519
1,2484,2022-06-08 09:19:53.465,Lon: -101.985758167 Lat: 31.840167667
Mg,Al,Si,P,S,Cl,Ca,Ti,V,Cr,Mn,Fe,Co,Ni,Cu,Zn,As,Se,Rb,Sr,Y,Zr,Nb,Mo,Ag,Cd,Sn,Sb,Ba,La,Ce,Pr,Nd,W,Hg,Pb,Bi,Th,U,LE
0.0,0.7124464511871338,5.354293346405029,0.0,0.9006787538528442,9.461747169494629,20.961490631103516,0.14133259654045105,0.0,0.0,0.015172631479799747,0.8058941960334778,0.0,0.0,0.003088268917053938,0.012052609585225582,0.001039670198224485,0.0,0.001444445108063519,0.06281491369009018,0.0007441418129019439,0.0055124955251812935,0.0,0.0007905932725407183,0.0,0.0,0.0,0.0,0.13715873658657074,0.0,0.0,0.0,0.0,0.0,0.0,0.0007345081539824605,0.0,0.0,0.0,61.42156219482422
0.36390432715415955,0.050328973680734634,0.03734463453292847,0.011252378113567829,0.008277668617665768,0.03811550512909889,0.06293553858995438,0.022476615384221077,0.010611378587782383,0.00461092172190547,0.002932393690571189,0.00857323594391346,0.003512562485411763,0.0009434332023374736,0.0006190257263369858,0.0006147040403448045,0.00019954120216425508,0.00025709436158649623,0.00013899985060561448,0.0005177183193154633,0.0001780138845788315,0.0002728245744947344,0.00040029140654951334,0.0002610624360386282,0.0,0.0019351723603904247,0.0024912136141210794,0.003409009426832199,0.004609858151525259,0.17337840795516968,0.2079595923423767,0.3855859339237213,0.5326954126358032,0.0015382460551336408,0.0009855070384219289,0.00022731100034434348,0.001914606662467122,0.0009504702757112682,0.0006327908486127853,0.082501120865345
2,2485,2022-06-08 09:39:35.466,Lon: -101.985740175 Lat: 31.840181364
Mg,Al,Si,P,S,Cl,Ca,Ti,V,Cr,Mn,Fe,Co,Ni,Cu,Zn,As,Se,Rb,Sr,Y,Zr,Nb,Mo,Ag,Cd,Sn,Sb,Ba,La,Ce,Pr,Nd,W,Hg,Pb,Bi,Th,U,LE
0.0,0.631261944770813,4.119252681732178,0.0,0.6558927893638611,6.415745258331299,10.429607391357422,0.12279796600341797,0.0,0.016788652166724205,0.0,1.2390040159225464,0.0,0.004564573056995869,0.0,0.004305889364331961,0.0,0.0011904035927727818,0.005063480697572231,0.08130107074975967,0.0013141470262780786,0.010617883875966072,0.0,0.0015998439630493522,0.0007209824398159981,0.0,0.005838807672262192,0.0,0.03785930946469307,0.0,0.0,0.030660485848784447,0.0,0.0,0.0,0.0,0.0,0.0,0.0,76.18461608886719
1.9953049421310425,0.10623444616794586,0.05858801305294037,0.029013363644480705,0.013301003724336624,0.04857888072729111,0.06394800543785095,0.03482078015804291,0.016335252672433853,0.005337711423635483,0.0702795535326004,0.015980051830410957,0.006108795292675495,0.0010753279784694314,0.0015177851309999824,0.000753336469642818,0.0005398155772127211,0.0002659446618054062,0.0002729419502429664,0.0009221253567375243,0.0002977596886921674,0.0004583481641020626,0.0005960301496088505,0.0004072717856615782,0.0002337328187422827,0.0027597721200436354,0.0018556294962763786,0.004819987341761589,0.002305256901308894,0.23334068059921265,0.2820257544517517,0.007809408940374851,0.7109775543212891,0.0025081748608499765,0.0016929320991039276,0.0006876151892356575,0.0029641909059137106,0.0014671219978481531,0.0010091043077409267,0.125192329287529
3,2486,2022-06-08 09:46:03.468,Lon: -101.985743457 Lat: 31.840176243
Ti,V,Cr,Mn,Fe,Co,Ni,Cu,Zn,As,Se,Rb,Sr,Y,Zr,Nb,Mo,Ag,Cd,Sn,Sb,Ba,W,Hg,Pb,Bi,Th,U,LE
0.0,0.0,0.0,0.20126454532146454,0.8511500954627991,0.11422517150640488,0.0,0.0,0.0,0.0,0.01847735419869423,0.0,0.03988876938819885,0.0,0.02359464392066002,0.0,0.0,0.0,0.0,0.0,0.0,0.0,0.0,0.0,0.0,0.0,0.0,0.0,98.75139617919922
0.5792956948280334,0.1990213543176651,0.10904478281736374,0.07031672447919846,0.1324203908443451,0.03869409114122391,0.02810058929026127,0.02612443082034588,0.019231097772717476,0.009099689312279224,0.005239041522145271,0.0050923461094498634,0.00669917743653059,0.005887641571462154,0.005734995007514954,0.007073599379509687,0.00922918040305376,0.0,0.028846904635429382,0.03146621212363243,0.04355442151427269,2.880127191543579,0.04485929757356644,0.033018987625837326,0.010672635398805141,0.036089204251766205,0.0170418843626976,0.01440325379371643,0.18660379946231842
4,2487,2022-06-08 09:46:35.467,Lon: -101.985743457 Lat: 31.840176243
Mg,Al,Si,P,S,Cl,Ca,Ti,V,Cr,Mn,Fe,Co,Ni,Cu,Zn,As,Se,Rb,Sr,Y,Zr,Nb,Mo,Ag,Cd,Sn,Sb,Ba,La,Ce,Pr,Nd,W,Hg,Pb,Bi,Th,U,LE
0.0,0.5318388938903809,1.7272154092788696,0.0,0.15363650023937225,11.281512260437012,6.2413458824157715,0.0,0.0,0.0,0.0,0.5186547040939331,0.0,0.0,0.0,0.003536223666742444,0.0,0.0,0.001528536668047309,0.04273442551493645,0.0007601248798891902,0.0029306893702596426,0.0,0.0,0.0,0.0,0.0,0.0,0.019815679639577866,0.0,0.0,0.0,0.0,0.0,0.0,0.0,0.0,0.0,0.0,79.4744873046875
1.6190606355667114,0.1058323085308075,0.04064304381608963,0.03315407782793045,0.010802854783833027,0.07166928797960281,0.041029710322618484,0.046935733407735825,0.013101978227496147,0.006462780758738518,0.07698303461074829,0.009482764638960361,0.004162301309406757,0.0014169355854392052,0.0013565741246566176,0.000586207490414381,0.00048606883501634,0.0003769095055758953,0.0001987711148103699,0.0005867944564670324,0.0002470801118761301,0.0003372861538082361,0.0005782510852441192,0.0007044721860438585,0.0,0.0026853764429688454,0.003362213959917426,0.0045961663126945496,0.0017768444959074259,0.2545822560787201,0.30357858538627625,0.5513680577278137,0.744830846786499,0.0020339887123554945,0.001411275821737945,0.0006295639323070645,0.0026987972669303417,0.0013250568881630898,0.0009024210157804191,0.11944105476140976
5,2488,2022-06-08 09:53:13.995,Lon: -101.985743457 Lat: 31.840176243
Mg,Al,Si,P,S,Cl,Ca,Ti,V,Cr,Mn,Fe,Co,Ni,Cu,Zn,As,Se,Rb,Sr,Y,Zr,Nb,Mo,Ag,Cd,Sn,Sb,Ba,La,Ce,Pr,Nd,W,Hg,Pb,Bi,Th,U,LE
0.0,0.0,0.48454412817955017,0.0,0.15037743747234344,40.74188232421875,2.874906301498413,0.0,0.0,0.008529114536941051,0.0,0.13085874915122986,0.005493504926562309,0.0,0.0,0.0016633467748761177,0.0,0.0,0.0017909776652231812,0.06402992457151413,0.0,0.007043912541121244,0.0,0.0,0.001389069831930101,0.0,0.0,0.0,0.0755622535943985,0.02361687831580639,0.0,0.0,0.0,0.0,0.0,0.0006394271040335298,0.0027961311861872673,0.0,0.0,55.42487716674805
0.2866666316986084,0.058642953634262085,0.014082550071179867,0.006510518491268158,0.004198347683995962,0.08130709826946259,0.013383723795413971,0.0076629724353551865,0.007687771692872047,0.002805746626108885,0.013837255537509918,0.0032560790423303843,0.0011825450928881764,0.0007781032472848892,0.0007937528425827622,0.0003529128443915397,0.0002711949637159705,0.00021661471691913903,0.00012855883687734604,0.0004510089347604662,0.00028940930496901274,0.0002392157184658572,0.0003571261477191001,0.0004355398705229163,0.0003842141595669091,0.0017698830924928188,0.0022672705817967653,0.00312991626560688,0.003847678890451789,0.005873396527022123,0.1830306053161621,0.34090331196784973,0.46611127257347107,0.0012689064024016261,0.0008545425371266901,0.00019320928549859673,0.000910758099053055,0.00085327064152807,0.0005716245505027473,0.0813089907169342
6,2489,2022-06-08 10:01:15.968,Lon: -101.985920833 Lat: 31.840711667
Mg,Al,Si,P,S,Cl,Ca,Ti,V,Cr,Mn,Fe,Co,Ni,Cu,Zn,As,Se,Rb,Sr,Y,Zr,Nb,Mo,Ag,Cd,Sn,Sb,Ba,La,Ce,Pr,Nd,W,Hg,Pb,Bi,Th,U,LE
0.0,2.926658868789673,9.3617582321167,0.0,0.3139418363571167,27.373180389404297,5.465235233306885,0.18677864968776703,0.0,0.0,0.02409152127802372,1.3316841125488281,0.0,0.0041053942404687405,0.0,0.038733310997486115,0.0,0.0,0.00455954996868968,0.10504581034183502,0.0,0.007733833976089954,0.0,0.0014469814486801624,0.0,0.0,0.0,0.0,0.10887324064970016,0.0,0.0,0.0,0.03961046040058136,0.0,0.0,0.0016223867423832417,0.0,0.0,0.0,52.70494079589844
0.7794511914253235,0.09699911624193192,0.07308455556631088,0.016342710703611374,0.010362641885876656,0.11808618903160095,0.03375162184238434,0.038641203194856644,0.017246048897504807,0.007526563946157694,0.0049943323247134686,0.01610441878437996,0.006335192825645208,0.0010816684225574136,0.00171341048553586,0.0014443319523707032,0.0005907706799916923,0.0004632473282981664,0.0002830958692356944,0.0010134532349184155,0.0005527291796170175,0.0004642421845346689,0.0006307954899966717,0.0004187731829006225,0.0,0.002761352341622114,0.003480101702734828,0.004749727435410023,0.003321109339594841,0.23713287711143494,0.27669790387153625,0.5103892683982849,0.011337333358824253,0.0027825133875012398,0.0017671205569058657,0.0004151477769482881,0.003123469650745392,0.0015209162374958396,0.0011078562820330262,0.1432463675737381
7,2490,2022-06-08 10:07:15.971,Lon: -101.985920667 Lat: 31.840711167
Ti,V,Cr,Mn,Fe,Co,Ni,Cu,Zn,As,Se,Rb,Sr,Y,Zr,Nb,Mo,Ag,Cd,Sn,Sb,Ba,W,Hg,Pb,Bi,Th,U,LE
0.0,0.0,0.0,0.0,1.7390209436416626,0.0,0.0,0.0,0.11481445282697678,0.0,0.0,0.013997053727507591,0.08087968081235886,0.0,0.032400064170360565,0.018744200468063354,0.027736114338040352,0.0,0.0,0.0,0.0,0.0,0.0,0.0,0.0,0.0,0.0,0.0,97.97240447998047
0.6620668768882751,0.23315155506134033,0.15259292721748352,0.09291955083608627,0.2983911633491516,0.08081401884555817,0.027009975165128708,0.02001161500811577,0.02973899617791176,0.011262258514761925,0.0051599363796412945,0.004766050260514021,0.01422196440398693,0.005884759593755007,0.008381395600736141,0.0064000533893704414,0.008584685623645782,0.0,0.0342152900993824,0.03737916797399521,0.048931825906038284,3.2863166332244873,0.041573770344257355,0.030108509585261345,0.014787697233259678,0.04640279710292816,0.023841917514801025,0.016734519973397255,0.3348275423049927
8,2491,2022-06-08 10:08:11.966,Lon: -101.985920667 Lat: 31.840711
Mg,Al,Si,P,S,Cl,Ca,Ti,V,Cr,Mn,Fe,Co,Ni,Cu,Zn,As,Se,Rb,Sr,Y,Zr,Nb,Mo,Ag,Cd,Sn,Sb,Ba,La,Ce,Pr,Nd,W,Hg,Pb,Bi,Th,U,LE
0.0,0.8177542686462402,3.104675769805908,0.0,0.20344462990760803,50.54289627075195,1.13121497631073,0.10898784548044205,0.0,0.016593681648373604,0.02489791251718998,0.657687246799469,0.009129391051828861,0.004552086349576712,0.0,0.019442034885287285,0.0,0.0,0.0028744719456881285,0.08802242577075958,0.0,0.005418077111244202,0.0,0.0,0.0015584544744342566,0.0,0.0,0.0,0.7486571073532104,0.02239973470568657,0.024645527824759483,0.0390625037252903,0.06991305202245712,0.0,0.0,0.001207773108035326,0.0,0.0,0.0,42.35496520996094
0.4009397625923157,0.06052558496594429,0.03291314095258713,0.00865886453539133,0.00671063968911767,0.12394233047962189,0.013577685691416264,0.03291938453912735,0.014714713208377361,0.004744695965200663,0.004103836137801409,0.00949045643210411,0.0027441352140158415,0.0008852247847244143,0.001369914854876697,0.0009321539546363056,0.0004775618144776672,0.0003561221237760037,0.0002102376747643575,0.0007454961887560785,0.0004633548087440431,0.0003656366898212582,0.0005410879966802895,0.000654115341603756,0.00040305822039954364,0.002460827585309744,0.003144548274576664,0.004266779869794846,0.00838620588183403,0.005115939304232597,0.005878315772861242,0.011382034048438072,0.017314597964286804,0.00204074801877141,0.001322140684351325,0.0003216949990019202,0.0026740324683487415,0.001311869011260569,0.0009055229020304978,0.12458426505327225
9,2492,2022-06-08 10:16:40.466,Lon: -101.985919167 Lat: 31.840713167
Mg,Al,Si,P,S,Cl,Ca,Ti,V,Cr,Mn,Fe,Co,Ni,Cu,Zn,As,Se,Rb,Sr,Y,Zr,Nb,Mo,Ag,Cd,Sn,Sb,Ba,La,Ce,Pr,Nd,W,Hg,Pb,Bi,Th,U,LE
0.0,1.4600311517715454,4.847756862640381,0.0,0.15577906370162964,31.476802825927734,5.63132381439209,0.11790510267019272,0.0,0.0,0.03020489029586315,1.0681042671203613,0.014706388115882874,0.0,0.0029034765902906656,0.029146868735551834,0.0,0.0,0.0036780613008886576,0.04781321436166763,0.0,0.005866847932338715,0.0,0.0018151121912524104,0.0,0.0,0.0,0.0,0.07989268004894257,0.0,0.0,0.0,0.0,0.0,0.0,0.002142179524526,0.0,0.0,0.0,55.02412796020508
0.642234742641449,0.07913359999656677,0.04885968565940857,0.014024240896105766,0.008372077718377113,0.12055496126413345,0.032492998987436295,0.0341782346367836,0.016243183985352516,0.007130402140319347,0.004656293895095587,0.013489550910890102,0.0036216110456734896,0.0014930719044059515,0.0009534932905808091,0.0011938976822420955,0.0005514921504072845,0.0004015281447209418,0.00024184382345993072,0.0005999708082526922,0.000501115049701184,0.0003694059851113707,0.0005764122470282018,0.0003790044574998319,0.0,0.0026281364262104034,0.00327890831977129,0.004495707340538502,0.003313799388706684,0.2284921258687973,0.27253979444503784,0.4898364245891571,0.6775249242782593,0.002483213087543845,0.0015972366090863943,0.00038357696030288935,0.0027643111534416676,0.001342618721537292,0.0008974866941571236,0.13296401500701904
10,2493,2022-06-08 10:22:48.467,Lon: -101.985916333 Lat: 31.840697
Mg,Al,Si,P,S,Cl,Ca,Ti,V,Cr,Mn,Fe,Co,Ni,Cu,Zn,As,Se,Rb,Sr,Y,Zr,Nb,Mo,Ag,Cd,Sn,Sb,Ba,La,Ce,Pr,Nd,W,Hg,Pb,Bi,Th,U,LE
0.0,0.0,1.3914848566055298,0.0,0.14594757556915283,16.372922897338867,13.348363876342773,0.0,0.0,0.0,0.0,0.12408854812383652,0.0,0.004907890222966671,0.0,0.009849672205746174,0.0,0.0,0.0,0.0508919358253479,0.0,0.0016090720891952515,0.0,0.0018187927780672908,0.0,0.0,0.007301182486116886,0.011011626571416855,0.23528356850147247,0.0,0.0,0.0,0.0,0.0,0.0,0.0026229377835989,0.0,0.0,0.0,68.2918930053711
1.9731351137161255,0.17580856382846832,0.04700801894068718,0.03082132339477539,0.012944445013999939,0.11679842323064804,0.09245482087135315,0.041195522993803024,0.024892477318644524,0.01096922904253006,0.06584178656339645,0.007001644000411034,0.004100830759853125,0.0015083325561136007,0.00242294161580503,0.0012271326268091798,0.0008174559916369617,0.0005799790960736573,0.0005053046043030918,0.0008593503735028207,0.0006784648867323995,0.00048150750808417797,0.0008173877722583711,0.0005486445734277368,0.0,0.0037390959914773703,0.002364650834351778,0.0032962094992399216,0.004625347442924976,0.2176109403371811,0.26104915142059326,0.49258655309677124,0.680203378200531,0.0032775779254734516,0.0024000713601708412,0.0005794111639261246,0.003894321620464325,0.001886454178020358,0.0012864884920418262,0.1397203505039215
11,2494,2022-06-08 10:33:32.466,Lon: -101.985911833 Lat: 31.8407
Mg,Al,Si,P,S,Cl,Ca,Ti,V,Cr,Mn,Fe,Co,Ni,Cu,Zn,As,Se,Rb,Sr,Y,Zr,Nb,Mo,Ag,Cd,Sn,Sb,Ba,La,Ce,Pr,Nd,W,Hg,Pb,Bi,Th,U,LE
0.0,0.14225907623767853,1.3149992227554321,0.0,0.4850199520587921,30.286823272705078,5.010356903076172,0.0,0.0,0.013885533437132835,0.010342907160520554,0.3685283362865448,0.0,0.0,0.001813704613596201,0.0038031956646591425,0.0,0.0,0.002186121651902795,0.05781932920217514,0.0008157918346114457,0.009049708023667336,0.0,0.0007488438859581947,0.0,0.0,0.0,0.0,0.2156917303800583,0.0,0.0,0.0,0.0,0.0,0.0,0.0,0.003281303448602557,0.0,0.0,62.072574615478516
0.549527645111084,0.04460049793124199,0.02033739537000656,0.008978143334388733,0.006033882964402437,0.0808580070734024,0.020810285583138466,0.012163184583187103,0.009952899999916553,0.0031892312690615654,0.0026195459067821503,0.005439758766442537,0.002472454449161887,0.0008584621245972812,0.000550775439478457,0.000426842481829226,0.00029205490136519074,0.0002262252673972398,0.00013808552466798574,0.0004587923758663237,0.0001662403083173558,0.0002627628273330629,0.0003749830066226423,0.00024286798725370318,0.0,0.001844262471422553,0.0023683179169893265,0.0032605549786239862,0.004808228462934494,0.15119820833206177,0.17720134556293488,0.3286369740962982,0.4555196464061737,0.0013451341073960066,0.000883155211340636,0.000382936472306028,0.0009572993731126189,0.0008876784122548997,0.0005921583506278694,0.08502800762653351
12,2495,2022-06-08 10:43:56.274,Lon: -101.9857395 Lat: 31.8404395
Mg,Al,Si,P,S,Cl,Ca,Ti,V,Cr,Mn,Fe,Co,Ni,Cu,Zn,As,Se,Rb,Sr,Y,Zr,Nb,Mo,Ag,Cd,Sn,Sb,Ba,La,Ce,Pr,Nd,W,Hg,Pb,Bi,Th,U,LE
0.0,0.0,0.6135140657424927,0.0,0.2967834174633026,34.16827392578125,1.7788991928100586,0.0,0.0,0.0,0.01009896956384182,0.1617165207862854,0.004999237600713968,0.0,0.0026813524309545755,0.003847542218863964,0.0,0.0,0.001586763421073556,0.05111539363861084,0.0,0.006280624773353338,0.0,0.0012743368279188871,0.0,0.0,0.0,0.0,0.19081641733646393,0.0,0.022738108411431313,0.0,0.04644159972667694,0.0,0.0,0.001292850007303059,0.0,0.0,0.0,62.63764190673828
0.5132247805595398,0.09663044661283493,0.019924921914935112,0.011049765162169933,0.006679761689156294,0.09801415354013443,0.013250710442662239,0.014844952151179314,0.010721994563937187,0.005029917694628239,0.002961450954899192,0.0043404544703662395,0.001463778200559318,0.0009832788491621614,0.0006484909099526703,0.0004914801684208214,0.0003804595908150077,0.00028127210680395365,0.00014574725355487317,0.0004917879705317318,0.0003662799426820129,0.00028247962472960353,0.000440372183220461,0.00027964147739112377,0.0,0.0021638725884258747,0.0027883313596248627,0.003840365447103977,0.004142578225582838,0.16801439225673676,0.005310512147843838,0.3672769069671631,0.014568778686225414,0.0015271945158019662,0.0010652513010427356,0.00026331812841817737,0.002117495285347104,0.0010487224208191037,0.0006774006760679185,0.09808134287595749
74,2729,2022-06-22 12:44:02.986,Lon: 0 Lat: 0
Hg
7.034762529656291e-05
5.281363701215014e-05
75,2730,2022-06-22 12:47:40.069,Lon: 0 Lat: 0
Hg
0.00011707385419867933
5.363931995816529e-05
76,2731,2022-06-22 12:50:00.522,Lon: 0 Lat: 0
Hg
6.18230042164214e-05
5.2445036999415606e-05
77,2732,2022-06-22 12:59:58.693,Lon: 0 Lat: 0
Hg
5.028608939028345e-05
5.168483767192811e-05
78,2733,2022-06-22 13:04:30.268,Lon: 0 Lat: 0
Hg
0.00010310018114978448
5.3898784244665876e-05
79,2734,2022-06-22 13:08:01.633,Lon: 0 Lat: 0
Hg
7.694671512581408e-05
5.349606726667844e-05
80,2735,2022-06-22 13:09:28.489,Lon: 0 Lat: 0
Hg
-0.0009201877983286977
5.733285070164129e-05
81,2736,2022-06-22 13:15:41.607,Lon: 0 Lat: 0
Hg
-0.0010145000414922833
5.530607086257078e-05
82,2737,2022-06-22 13:43:09.983,Lon: 0 Lat: 0
Ag,Cu
-0.3368426561355591,-0.0004572905891109258
0.002188843209296465,7.265939348144457e-05
83,2738,2022-06-22 13:45:25.984,Lon: 0 Lat: 0
Ag,Cu
-0.33941927552223206,-0.00047411813284270465
0.0021851116325706244,7.239772821776569e-05
84,2739,2022-06-22 13:47:49.985,Lon: 0 Lat: 0
Ag,Cu
-0.34221842885017395,-0.0003990946861449629
0.0021868948824703693,7.387300865957513e-05
